time,seconds_elapsed,z,y,x
1788957783757079800,0.040079833984375,-0.07402416318655014,0.3690691292285919,0.291095495223999
1788957783767129900,0.0501298828125,-0.0940609872341156,0.2752443552017212,0.28360533714294434
1788957783777179000,0.060178955078125,-0.15498559176921844,0.19562701880931854,0.2965719997882843
1788957783787229200,0.070229248046875,-0.25970640778541565,0.1900991052389145,0.34884825348854065
1788957783797279000,0.080279052734375,-0.3576614558696747,0.17993061244487762,0.475577175617218
1788957783807329000,0.0903291015625,-0.42115068435668945,0.20755799114704132,0.6325747966766357
1788957783817379000,0.100379150390625,-0.45947039127349854,0.2606411874294281,0.7881689071655273
1788957783827427800,0.110427734375,-0.4775308668613434,0.2969677448272705,0.9430943131446838
1788957783837478000,0.120477783203125,-0.4809165596961975,0.27487683296203613,1.123443841934204
1788957783847528000,0.13052783203125,-0.4307764172554016,0.1756189614534378,1.3141610622406006
1788957783857578000,0.140577880859375,-0.40304359793663025,0.19034011662006378,1.4600328207015991
1788957783867627000,0.150626953125,-0.49473702907562256,0.30747073888778687,1.494492769241333
1788957783877677000,0.160677001953125,-0.6898013353347778,0.3615046739578247,1.4265403747558594
1788957783887727000,0.17072705078125,-0.9621785283088684,0.31301677227020264,1.3267868757247925
1788957783897777000,0.18077685546875,-1.3308411836624146,0.15096580982208252,1.2071558237075806
1788957783907827000,0.190826904296875,-1.763019323348999,-0.13759034872055054,1.0649983882904053
1788957783917876000,0.2008759765625,-2.189822196960449,-0.2987675368785858,0.9978281259536743
1788957783927926000,0.210926025390625,-2.6472482681274414,-0.10136417299509048,1.0475882291793823
1788957783937975800,0.220975830078125,-3.158493995666504,0.29028427600860596,1.2269132137298584
1788957783948025900,0.23102587890625,-3.559858560562134,0.6218382716178894,1.5038583278656006
1788957783958076000,0.241075927734375,-3.6642231941223145,0.8825142979621887,1.7439517974853516
1788957783968125000,0.251125,-3.536315679550171,1.1071215867996216,1.807122826576233
1788957783978175000,0.261175048828125,-3.3429927825927734,1.144601583480835,1.689423680305481
1788957783988225000,0.27122509765625,-3.2448463439941406,1.0633407831192017,1.49126398563385
1788957783998275000,0.281275146484375,-3.254631757736206,1.043519139289856,1.3222168684005737
1788957784008323800,0.29132373046875,-3.3234667778015137,1.1063437461853027,1.2142741680145264
1788957784018374000,0.301373779296875,-3.4908864498138428,1.0867308378219604,1.1545625925064087
1788957784028424000,0.311423828125,-3.75909686088562,0.8717120289802551,1.1320616006851196
1788957784038473700,0.3214736328125,-4.060826778411865,0.5545777082443237,1.1263943910598755
1788957784048523800,0.331523681640625,-4.265749454498291,0.27484622597694397,1.1606096029281616
1788957784058573000,0.341572998046875,-4.360162258148193,0.08781187981367111,1.199220061302185
1788957784068623000,0.351623046875,-4.3404364585876465,-0.06342051923274994,1.2643431425094604
1788957784078673000,0.3616728515625,-4.121750831604004,-0.044497162103652954,1.3281410932540894
1788957784088723000,0.371722900390625,-3.9510505199432373,0.018508169800043106,1.6255176067352295
1788957784098773000,0.38177294921875,-3.677699565887451,0.5146124958992004,1.917466163635254
1788957784108821800,0.39182177734375,-3.294110059738159,1.0443942546844482,2.170623540878296
1788957784118871800,0.401871826171875,-2.8310325145721436,1.2560926675796509,2.3532588481903076
1788957784128922000,0.411922119140625,-2.353137254714966,1.2423346042633057,2.3757426738739014
1788957784138972200,0.42197216796875,-1.8342812061309814,1.1639113426208496,2.1831490993499756
1788957784149021000,0.43202099609375,-1.2121007442474365,1.0268464088439941,1.7394723892211914
1788957784159071000,0.442071044921875,-0.58891361951828,0.7010201811790466,1.0778731107711792
1788957784169121000,0.45212109375,-0.22767630219459534,0.18674272298812866,0.28189319372177124
1788957784179170800,0.4621708984375,-0.01426628790795803,-0.8358725309371948,-0.45131897926330566
1788957784189220900,0.472220947265625,0.10433679074048996,-1.0707268714904785,-1.2904189825057983
1788957784199270000,0.482269775390625,0.34337759017944336,-1.387722134590149,-1.9200984239578247
1788957784209320200,0.4923203125,0.8817670345306396,-1.7747678756713867,-2.213115930557251
1788957784219370000,0.502369873046875,1.4794731140136719,-1.7271270751953125,-2.174607276916504
1788957784229420000,0.512419921875,1.975755214691162,-1.415290117263794,-1.9146252870559692
1788957784239469000,0.522468994140625,2.3384032249450684,-0.9162773489952087,-1.6171084642410278
1788957784249518800,0.532518798828125,2.494380474090576,-0.5395596027374268,-1.3356919288635254
1788957784259569000,0.54256884765625,2.456543207168579,-0.38349997997283936,-1.0738052129745483
1788957784269619000,0.552618896484375,2.249781370162964,-0.43514135479927063,-0.839523434638977
1788957784279669000,0.5626689453125,1.9311033487319946,-0.5015779137611389,-0.6769936680793762
1788957784289718000,0.572718017578125,1.6497910022735596,-0.4174449145793915,-0.4215136766433716
1788957784299768000,0.58276806640625,1.4780389070510864,-0.5864976048469543,-0.0071010529063642025
1788957784309818000,0.592818115234375,1.3589085340499878,-0.5616092681884766,0.4520691931247711
1788957784319868000,0.602867919921875,1.283860206604004,-0.6217024326324463,0.8403974771499634
1788957784329917000,0.6129169921875,1.4948773384094238,-0.6605518460273743,1.1505154371261597
1788957784339967000,0.622967041015625,1.5448243618011475,-0.7230657935142517,1.3522285223007202
1788957784350016800,0.633016845703125,1.5737282037734985,-0.7724884748458862,1.5527126789093018
1788957784360066800,0.64306689453125,1.5393707752227783,-0.756733775138855,1.5261313915252686
1788957784370116900,0.653116943359375,1.3594359159469604,-0.687930166721344,1.4965170621871948
1788957784380166100,0.663166259765625,1.308293342590332,-0.30644887685775757,1.6006423234939575
1788957784390216000,0.6732158203125,1.2617689371109009,0.4219467043876648,1.7631263732910156
1788957784400266000,0.683265869140625,1.1484003067016602,0.772354245185852,1.7690188884735107
1788957784410316000,0.69331591796875,1.0059806108474731,1.023327350616455,1.4285142421722412
1788957784420364800,0.70336474609375,1.4083243608474731,1.623594045639038,1.2187610864639282
1788957784430414800,0.713414794921875,1.2383997440338135,1.625474452972412,0.7189216613769531
1788957784440465000,0.72346484375,0.9987605214118958,1.2606818675994873,-0.16891925036907196
1788957784450515000,0.733514892578125,0.6547197699546814,1.0281314849853516,-1.1466245651245117
1788957784460564700,0.743564697265625,0.4354478716850281,0.9059250950813293,-1.412614107131958
1788957784470614000,0.753614013671875,0.655419111251831,0.4849317967891693,-1.6216027736663818
1788957784480664000,0.7636640625,1.8053712844848633,1.0748100280761719,-1.3279932737350464
1788957784490713900,0.7737138671875,2.007200002670288,0.5540456175804138,-0.9737030863761902
1788957784500764000,0.783763916015625,2.3293285369873047,0.01321140956133604,-0.32923781871795654
1788957784510814000,0.79381396484375,2.6154210567474365,0.3089429438114166,0.32938748598098755
1788957784520863000,0.803863037109375,3.1222050189971924,0.9903246760368347,0.5584656596183777
1788957784530912800,0.813912841796875,3.6688480377197266,0.15187102556228638,0.14836309850215912
1788957784540962800,0.823962890625,3.857292413711548,0.7165477275848389,0.2371497005224228
1788957784551013000,0.83401318359375,3.906311511993408,1.8461568355560303,0.4106791317462921
1788957784561062000,0.844061767578125,3.643988609313965,2.4026544094085693,0.11530555039644241
1788957784571112000,0.85411181640625,3.5541863441467285,2.021425485610962,-0.3888888955116272
1788957784581162000,0.864161865234375,3.459571361541748,1.5421843528747559,-0.7456038594245911
1788957784591211500,0.87421142578125,3.2291550636291504,0.6735153198242188,-0.8152974843978882
1788957784601261600,0.884261474609375,2.6636641025543213,-0.21272744238376617,-0.6064968705177307
1788957784611310600,0.894310546875,2.219644069671631,-0.7725479006767273,-0.3532818853855133
1788957784621360600,0.904360595703125,2.245360851287842,-0.5576454401016235,0.2018793225288391
1788957784631410700,0.91441064453125,2.4083290100097656,0.012458001263439655,0.8267970085144043
1788957784641460700,0.924460693359375,2.566330671310425,0.18524308502674103,1.352823257446289
1788957784651509500,0.934509521484375,2.6886203289031982,0.04663354903459549,1.6962988376617432
1788957784661559600,0.9445595703125,2.721426010131836,-0.031325433403253555,1.8634459972381592
1788957784671609600,0.954609619140625,2.454633951187134,0.22468504309654236,2.015491485595703
1788957784681659400,0.964659423828125,1.9691509008407593,0.26193973422050476,2.005464792251587
1788957784691709400,0.97470947265625,1.226637840270996,0.016348347067832947,1.7942166328430176
1788957784701758700,0.9847587890625,0.4957104027271271,-0.22612661123275757,1.4984766244888306
1788957784711808800,0.994808837890625,-0.08385202288627625,-0.44997090101242065,1.186883568763733
1788957784721858600,1.004858642578125,-0.41161417961120605,-0.8215601444244385,0.9466773271560669
1788957784731908600,1.01490869140625,-0.07905407249927521,-1.572505235671997,0.7149293422698975
1788957784741957600,1.02495751953125,0.4298323392868042,-2.4455490112304688,0.5906403660774231
1788957784752007400,1.03500732421875,0.7217392921447754,-2.975983142852783,0.715201735496521
1788957784762057500,1.045057373046875,0.6839879155158997,-3.1045100688934326,1.0578856468200684
1788957784772107500,1.055107421875,0.1158328577876091,-1.6156426668167114,1.4561387300491333
1788957784782157600,1.065157470703125,-0.7461418509483337,-0.3132106363773346,1.5343085527420044
1788957784792206600,1.07520654296875,-1.0809184312820435,-0.03242531791329384,1.6695479154586792
1788957784802256600,1.085256591796875,-1.104837417602539,-0.07906658947467804,1.6394981145858765
1788957784812306700,1.095306640625,-0.9950419068336487,0.08402859419584274,1.550988793373108
1788957784822356500,1.1053564453125,-0.9210643768310547,-0.2822870910167694,1.432051181793213
1788957784832405500,1.115405517578125,-0.8191965818405151,-0.11639878153800964,1.2599833011627197
1788957784842455600,1.12545556640625,-0.5441272258758545,0.22979964315891266,1.2601364850997925
1788957784852505600,1.135505615234375,-0.11140135675668716,0.5071668028831482,1.469234585762024
1788957784862555400,1.145555419921875,0.05018354207277298,1.0240586996078491,1.4957658052444458
1788957784872605400,1.15560546875,-0.14554361999034882,1.5202181339263916,1.2971596717834473
1788957784882654700,1.16565478515625,-0.5054120421409607,1.4631800651550293,0.8865959048271179
1788957784892704500,1.17570458984375,-0.7929588556289673,1.0929538011550903,0.13004721701145172
1788957784902754600,1.185754638671875,-0.9930496215820312,1.0113096237182617,-0.6195295453071594
1788957784912804600,1.1958046875,-1.29158353805542,1.4378869533538818,-0.9804672598838806
1788957784922853400,1.205853271484375,-1.5651397705078125,1.9558582305908203,-1.009956955909729
1788957784932903400,1.2159033203125,-1.590969204902649,1.7372941970825195,-1.0093764066696167
1788957784942953500,1.225953369140625,-1.6128596067428589,1.4519274234771729,-0.8779102563858032
1788957784953003500,1.23600341796875,-1.6314287185668945,1.2532801628112793,-0.7005727291107178
1788957784963052500,1.246052490234375,-1.4230830669403076,0.8596577644348145,-0.5775967836380005
1788957784973102600,1.2561025390625,-1.055619478225708,0.3062824308872223,-0.5668287873268127
1788957784983152600,1.266152587890625,-0.8512256145477295,0.12464313209056854,-0.6536774039268494
1788957784993202700,1.27620263671875,-0.8333348035812378,0.21143634617328644,-0.7884277701377869
1788957785003252500,1.28625244140625,-0.8191697001457214,0.3253256380558014,-0.9414569735527039
1788957785013301500,1.296301513671875,-0.701452374458313,0.30908700823783875,-1.0369493961334229
1788957785023351600,1.3063515625,-0.5419610142707825,0.2642918527126312,-1.0160313844680786
1788957785033401600,1.316401611328125,-0.3930988311767578,0.2549670338630676,-0.9101121425628662
1788957785043451600,1.32645166015625,-0.3597922623157501,0.03448047861456871,-0.7847043871879578
1788957785053500700,1.336500732421875,-0.2617376148700714,-0.17758730053901672,-0.6525306701660156
1788957785063550500,1.346550537109375,-0.09036984294652939,-0.3769374191761017,-0.4984920918941498
1788957785073600500,1.3566005859375,0.09794466942548752,-0.5911424160003662,-0.3663119375705719
1788957785083650600,1.366650634765625,0.2520069479942322,-0.7896386981010437,-0.27988117933273315
1788957785093700600,1.37670068359375,0.282019704580307,-0.8486729860305786,-0.2503992021083832
1788957785103749600,1.38674951171875,0.27327069640159607,-0.8622791171073914,-0.28086310625076294
1788957785113799700,1.396799560546875,0.1193559542298317,-0.795072078704834,-0.3411823511123657
1788957785123849700,1.406849609375,-0.1410447359085083,-0.6333897113800049,-0.43259215354919434
1788957785133899800,1.416899658203125,-0.3909914493560791,-0.6162815690040588,-0.5323848128318787
1788957785143948500,1.426948486328125,-0.44871973991394043,-0.7731625437736511,-0.604458212852478
1788957785153998600,1.43699853515625,-0.49093884229660034,-0.9287441372871399,-0.6496134400367737
1788957785164048600,1.447048583984375,-0.49388107657432556,-1.2171967029571533,-0.6691298484802246
1788957785174098400,1.457098388671875,-0.597143828868866,-1.2940385341644287,-0.6074358820915222
1788957785184148500,1.4671484375,-0.5331709980964661,-1.3110073804855347,-0.590273916721344
1788957785194197800,1.47719775390625,-0.5095604658126831,-1.359021782875061,-0.6367298364639282
1788957785204247600,1.48724755859375,-0.5503278374671936,-1.3932545185089111,-0.7081925868988037
1788957785214297600,1.497297607421875,-0.5990365147590637,-1.2911406755447388,-0.7803722620010376
1788957785224347600,1.50734765625,-0.6005231142044067,-1.0964233875274658,-0.8276657462120056
1788957785234396400,1.517396484375,-0.5756662487983704,-0.9977511763572693,-0.862984836101532
1788957785244446500,1.527446533203125,-0.5523949861526489,-1.1366459131240845,-0.8988267183303833
1788957785254496500,1.53749658203125,-0.4957013726234436,-1.3164066076278687,-0.9107920527458191
1788957785264546600,1.547546630859375,-0.421558678150177,-1.4247791767120361,-0.8851239681243896
1788957785274596600,1.5575966796875,-0.3960040509700775,-1.4294655323028564,-0.8535417914390564
1788957785284645600,1.567645751953125,-0.3717495799064636,-1.418960690498352,-0.8245897889137268
1788957785294695700,1.57769580078125,-0.35680606961250305,-1.4365612268447876,-0.8061662912368774
1788957785304745700,1.587745849609375,-0.35816240310668945,-1.4946237802505493,-0.798803985118866
1788957785314795500,1.59779541015625,-0.37582263350486755,-1.5673973560333252,-0.7964619994163513
1788957785324844500,1.607844482421875,-0.40168297290802,-1.6186729669570923,-0.7932025790214539
1788957785334894600,1.61789453125,-0.41469839215278625,-1.6191476583480835,-0.8115778565406799
1788957785344944400,1.6279443359375,-0.41555672883987427,-1.628229022026062,-0.8194418549537659
1788957785354994400,1.637994384765625,-0.3778407573699951,-1.331933617591858,-0.7436224818229675
1788957785365044500,1.64804443359375,-0.3423070013523102,-0.9641332626342773,-0.812993586063385
1788957785375093500,1.658093505859375,-0.34312620759010315,-0.7561619877815247,-0.9183769822120667
1788957785385143600,1.6681435546875,-0.3247397243976593,-0.7302494049072266,-0.9967399835586548
1788957785395193600,1.678193603515625,-0.33136460185050964,-0.994718611240387,-1.0279819965362549
1788957785405243600,1.68824365234375,-0.30941298604011536,-1.3264515399932861,-1.020409345626831
1788957785415292400,1.69829248046875,-0.3044853210449219,-1.5262701511383057,-1.0098211765289307
1788957785425342500,1.708342529296875,-0.3126814663410187,-1.4820973873138428,-1.0394648313522339
1788957785435392500,1.718392578125,-0.3203636407852173,-1.3090426921844482,-1.0746182203292847
1788957785445442600,1.728442626953125,-0.33778417110443115,-1.1284276247024536,-1.070698618888855
1788957785455492600,1.73849267578125,-0.3463081419467926,-0.96512770652771,-1.0432497262954712
1788957785465541600,1.748541748046875,-0.32427501678466797,-0.8490961790084839,-0.9880830645561218
1788957785475591700,1.758591796875,-0.2784481346607208,-0.779533326625824,-0.9375626444816589
1788957785485641500,1.768641357421875,-0.254188597202301,-0.7790364027023315,-0.9171990752220154
1788957785495691500,1.77869140625,-0.24091514945030212,-0.807700514793396,-0.8862792253494263
1788957785505740500,1.788740478515625,-0.22969257831573486,-0.8392400741577148,-0.8543410301208496
1788957785515790300,1.798790283203125,-0.19880737364292145,-0.8751344084739685,-0.831757128238678
1788957785525840600,1.808840576171875,-0.18217992782592773,-0.8398733735084534,-0.8214616179466248
1788957785535890700,1.818890625,-0.17243514955043793,-0.7757759094238281,-0.8141648173332214
1788957785545939700,1.828939697265625,-0.20133018493652344,-0.7204607129096985,-0.8072014451026917
1788957785555989500,1.838989501953125,-0.25416651368141174,-0.6612567901611328,-0.8101953864097595
1788957785566039600,1.84903955078125,-0.30627045035362244,-0.6183511018753052,-0.8114840984344482
1788957785576089600,1.859089599609375,-0.3511068820953369,-0.574578046798706,-0.7786502242088318
1788957785586139400,1.869139404296875,-0.3983047604560852,-0.517193615436554,-0.7245063185691833
1788957785596188700,1.879188720703125,-0.4090104103088379,-0.4596852958202362,-0.6718282103538513
1788957785606238500,1.889238525390625,-0.4439183175563812,-0.39745786786079407,-0.6371309161186218
1788957785616288500,1.89928857421875,-0.47279950976371765,-0.34386762976646423,-0.6117246150970459
1788957785626338600,1.909338623046875,-0.46769794821739197,-0.298157662153244,-0.5500138401985168
1788957785636387300,1.91938720703125,-0.4793655276298523,-0.30582037568092346,-0.4446120858192444
1788957785646437400,1.929437255859375,-0.48525431752204895,-0.3193013072013855,-0.3351164758205414
1788957785656487400,1.9394873046875,-0.4762754738330841,-0.28734496235847473,-0.25884541869163513
1788957785666537500,1.949537353515625,-0.4887113571166992,-0.2632116675376892,-0.22860628366470337
1788957785676587300,1.959587158203125,-0.4905737042427063,-0.2318987399339676,-0.21577703952789307
1788957785686636500,1.969636474609375,-0.49679458141326904,-0.19526749849319458,-0.22962121665477753
1788957785696686600,1.9796865234375,-0.4868159890174866,-0.12566684186458588,-0.254374235868454
1788957785706736600,1.989736572265625,-0.477629154920578,-0.0022977753542363644,-0.2611573040485382
1788957785716786400,1.999786376953125,-0.4288983643054962,0.17730367183685303,-0.22233134508132935
1788957785726835500,2.00983544921875,-0.3190578818321228,0.3896705210208893,-0.15615232288837433
1788957785736885500,2.019885498046875,-0.13088025152683258,0.5944684147834778,-0.17850050330162048
1788957785746935300,2.029935302734375,0.10486729443073273,0.770779550075531,-0.3384813666343689
1788957785756985300,2.0399853515625,0.2656380534172058,0.8762305974960327,-0.5819579362869263
1788957785767034600,2.05003466796875,0.3445003926753998,0.9608927369117737,-0.7877494692802429
1788957785777084400,2.06008447265625,0.3843439519405365,1.056050419807434,-0.8521167039871216
1788957785787134500,2.070134521484375,0.3890838325023651,1.1456966400146484,-0.7365310192108154
1788957785797184500,2.0801845703125,0.3809151351451874,1.1973249912261963,-0.47971734404563904
1788957785807234600,2.090234619140625,0.3830571174621582,1.1626975536346436,-0.2254677414894104
1788957785817283300,2.100283447265625,0.37597814202308655,1.1040350198745728,-0.08004636317491531
1788957785827333400,2.11033349609375,0.3481294810771942,1.054184913635254,-0.06363730132579803
1788957785837383400,2.120383544921875,0.28055843710899353,1.013027548789978,-0.12978754937648773
1788957785847433500,2.13043359375,0.2196388840675354,1.0102763175964355,-0.20716756582260132
1788957785857482500,2.140482421875,0.19292257726192474,0.9967309236526489,-0.24401426315307617
1788957785867532500,2.150532470703125,0.23318079113960266,0.9381868839263916,-0.2137514352798462
1788957785877582600,2.16058251953125,0.30492156744003296,0.8753461837768555,-0.1493133157491684
1788957785887632400,2.17063232421875,0.3726246953010559,0.8056187629699707,-0.08701106160879135
1788957785897682400,2.180682373046875,0.4468459486961365,0.743141233921051,-0.031986162066459656
1788957785907731500,2.1907314453125,0.5236488580703735,0.7166553139686584,0.02923538349568844
1788957785917781200,2.20078125,0.5582494139671326,0.6971175670623779,0.10541936755180359
1788957785927831300,2.210831298828125,0.5368101596832275,0.6574127674102783,0.16648805141448975
1788957785937881300,2.22088134765625,0.4808771312236786,0.636966347694397,0.17338377237319946
1788957785947930400,2.230930419921875,0.3979167342185974,0.6625571846961975,0.14045538008213043
1788957785957980400,2.24098046875,0.30775728821754456,0.7359387278556824,0.088063545525074
1788957785968030500,2.251030517578125,0.22633273899555206,0.8006173372268677,0.04566735401749611
1788957785978080500,2.26108056640625,0.17581602931022644,0.8073269128799438,0.02859009988605976
1788957785988130600,2.271130615234375,0.18790945410728455,0.7699664831161499,0.02924736775457859
1788957785998179300,2.281179443359375,0.2452731430530548,0.7404708862304688,0.04367877170443535
1788957786008229400,2.2912294921875,0.30666112899780273,0.7362407445907593,0.0588686428964138
1788957786018279700,2.30127978515625,0.34642159938812256,0.7232021689414978,0.09819554537534714
1788957786028329500,2.31132958984375,0.34044307470321655,0.6784570813179016,0.17077679932117462
1788957786038378500,2.32137841796875,0.31647515296936035,0.628224790096283,0.2450646162033081
1788957786048428500,2.331428466796875,0.2768678069114685,0.6002956628799438,0.2727700173854828
1788957786058478300,2.341478271484375,0.2342335432767868,0.535869300365448,0.2397204488515854
1788957786068528400,2.3515283203125,0.17914311587810516,0.445767879486084,0.17284022271633148
1788957786078577400,2.361577392578125,0.13492585718631744,0.387706995010376,0.11549437046051025
1788957786088627500,2.37162744140625,0.11553484946489334,0.3422907590866089,0.09174882620573044
1788957786098677500,2.381677490234375,0.12136344611644745,0.35304275155067444,0.0828927531838417
1788957786108727600,2.3917275390625,0.14399045705795288,0.45781150460243225,0.13446220755577087
1788957786118777600,2.401777587890625,0.18256954848766327,0.5992754101753235,0.24906042218208313
1788957786128826400,2.411826416015625,0.2804689407348633,0.7199504375457764,0.35391944646835327
1788957786138876400,2.42187646484375,0.4252370595932007,0.7620153427124023,0.3880199193954468
1788957786148926500,2.431926513671875,0.43661966919898987,0.7301913499832153,0.41769203543663025
1788957786158976500,2.4419765625,0.2527931034564972,0.567033052444458,0.50897216796875
1788957786169025500,2.452025634765625,0.11454682052135468,0.3661356568336487,0.6255879998207092
1788957786179075600,2.46207568359375,0.10294315963983536,0.25661608576774597,0.6634384393692017
1788957786189125600,2.472125732421875,0.10236791521310806,0.2069782167673111,0.6158791780471802
1788957786199175400,2.482175537109375,0.06126415729522705,0.18293599784374237,0.5382421612739563
1788957786209224400,2.492224365234375,0.029901172965765,0.1709642857313156,0.4820190966129303
1788957786219274500,2.5022744140625,0.037583060562610626,0.16461291909217834,0.451104074716568
1788957786229324300,2.51232421875,0.07012848556041718,0.1841871440410614,0.4441375136375427
1788957786239374300,2.522374267578125,0.10180625319480896,0.26818564534187317,0.4561595320701599
1788957786249424400,2.53242431640625,0.18030771613121033,0.396375834941864,0.5173259377479553
1788957786259473700,2.5424736328125,0.20624583959579468,0.43750542402267456,0.6068031191825867
1788957786269523500,2.5525234375,0.17705467343330383,0.31557127833366394,0.6874204874038696
1788957786279573500,2.562573486328125,0.13590297102928162,0.205959290266037,0.7133825421333313
1788957786289623600,2.57262353515625,0.1458757072687149,0.12477388978004456,0.6831215620040894
1788957786299672300,2.58267236328125,0.18717467784881592,0.11043117195367813,0.6403011679649353
1788957786309722400,2.592722412109375,0.19743824005126953,0.1892804503440857,0.6354275941848755
1788957786319772400,2.6027724609375,0.2120017409324646,0.23889221251010895,0.6951396465301514
1788957786329822500,2.612822509765625,0.2149229645729065,0.24397271871566772,0.766895055770874
1788957786339872300,2.622872314453125,0.18310724198818207,0.14025431871414185,0.7946388125419617
1788957786349921500,2.632921630859375,0.21292905509471893,0.004384362138807774,0.7848532795906067
1788957786359971600,2.6429716796875,0.20382076501846313,-0.13472692668437958,0.8008793592453003
1788957786370021400,2.653021484375,0.16220301389694214,-0.23616938292980194,0.8769288659095764
1788957786380071400,2.663071533203125,0.16435912251472473,-0.30020561814308167,0.9559254050254822
1788957786390120400,2.673120361328125,0.18819840252399445,-0.321432888507843,0.980139970779419
1788957786400170500,2.68317041015625,0.24832352995872498,-0.31322234869003296,0.9346193075180054
1788957786410220300,2.69322021484375,0.2831166684627533,-0.3227492868900299,0.8702856302261353
1788957786420270300,2.703270263671875,0.29945090413093567,-0.2762475609779358,0.8654682040214539
1788957786430319600,2.713319580078125,0.3195953071117401,-0.19540278613567352,0.9290871620178223
1788957786440369400,2.723369384765625,0.3522086441516876,-0.0814884677529335,1.0137144327163696
1788957786450419500,2.73341943359375,0.363650381565094,-0.10338391363620758,1.0483834743499756
1788957786460469500,2.743469482421875,0.3819452226161957,-0.19958128035068512,1.0291337966918945
1788957786470519600,2.75351953125,0.39993301033973694,-0.3331473469734192,0.9693576097488403
1788957786480568300,2.763568359375,0.42537394165992737,-0.46475809812545776,0.8826437592506409
1788957786490618400,2.773618408203125,0.44592422246932983,-0.4998913109302521,0.7995408773422241
1788957786500668400,2.78366845703125,0.45245641469955444,-0.43424198031425476,0.7267169952392578
1788957786510718500,2.793718505859375,0.462730348110199,-0.35571175813674927,0.6602498292922974
1788957786520767500,2.803767578125,0.47882571816444397,-0.3037010431289673,0.5983337163925171
1788957786530817500,2.813817626953125,0.46584466099739075,-0.31295445561408997,0.5571948289871216
1788957786540867600,2.82386767578125,0.4141513705253601,-0.34771403670310974,0.5244171619415283
1788957786550917400,2.83391748046875,0.3534027934074402,-0.393607497215271,0.5030801892280579
1788957786560966400,2.84396630859375,0.2866160571575165,-0.4628472626209259,0.49421799182891846
1788957786571016400,2.854016357421875,0.21721620857715607,-0.5655933618545532,0.5050237774848938
1788957786581066500,2.86406640625,0.16139474511146545,-0.6529495716094971,0.5669243931770325
1788957786591116500,2.874116455078125,0.1315138190984726,-0.7029938101768494,0.6432570219039917
1788957786601166800,2.884166748046875,0.12458347529172897,-0.7159211039543152,0.6781233549118042
1788957786611215600,2.894215576171875,0.13032445311546326,-0.7136510014533997,0.6459805965423584
1788957786621265700,2.904265625,0.15339595079421997,-0.6998432874679565,0.5397213101387024
1788957786631315700,2.914315673828125,0.18010585010051727,-0.6941433548927307,0.41778871417045593
1788957786641365800,2.92436572265625,0.18462631106376648,-0.6552864909172058,0.34901392459869385
1788957786651414500,2.93441455078125,0.18613071739673615,-0.5646899938583374,0.36392709612846375
1788957786661464600,2.944464599609375,0.20650044083595276,-0.4315524697303772,0.39205753803253174
1788957786671514600,2.9545146484375,0.2054828554391861,-0.30170950293540955,0.3794112503528595
1788957786681565000,2.96456494140625,0.19179552793502808,-0.21457940340042114,0.3513713479042053
1788957786691613700,2.97461376953125,0.19037127494812012,-0.17336486279964447,0.35037532448768616
1788957786701663700,2.984663818359375,0.19072866439819336,-0.1914953887462616,0.3689087927341461
1788957786711713800,2.9947138671875,0.18384893238544464,-0.21696506440639496,0.3619922995567322
1788957786721763600,3.004763671875,0.18179163336753845,-0.2191917449235916,0.33201202750205994
1788957786731813600,3.014813720703125,0.1765792965888977,-0.20165562629699707,0.31701338291168213
1788957786741862700,3.024862548828125,0.16328400373458862,-0.1658954918384552,0.32592618465423584
1788957786751912700,3.03491259765625,0.15839336812496185,-0.1648358255624771,0.33308103680610657
1788957786761962800,3.044962646484375,0.18266355991363525,-0.19357240200042725,0.3438817262649536
1788957786772012800,3.0550126953125,0.23768366873264313,-0.22715166211128235,0.33867180347442627
1788957786782061800,3.065061767578125,0.3085029721260071,-0.26642581820487976,0.3135264813899994
1788957786792111600,3.075111572265625,0.38387176394462585,-0.33223652839660645,0.2569447159767151
1788957786802161700,3.08516162109375,0.4258578419685364,-0.4247904419898987,0.16520920395851135
1788957786812211700,3.095211669921875,0.4563283920288086,-0.47996872663497925,0.0783829540014267
1788957786822260700,3.1052607421875,0.4434189796447754,-0.5032024383544922,0.00245090713724494
1788957786832310800,3.115310791015625,0.39843153953552246,-0.49872884154319763,-0.07670356333255768
1788957786842360800,3.12536083984375,0.3585520386695862,-0.45901790261268616,-0.15384335815906525
1788957786852411000,3.135410888671875,0.356997013092041,-0.36505839228630066,-0.22290737926959991
1788957786862460700,3.145460693359375,0.36938151717185974,-0.2444707304239273,-0.2957773208618164
1788957786872509700,3.155509765625,0.3852211833000183,-0.12837953865528107,-0.3813854455947876
1788957786882559700,3.165559814453125,0.4079105257987976,-0.07360337674617767,-0.4783226251602173
1788957786892609500,3.175609619140625,0.42983126640319824,-0.01727885566651821,-0.5989065766334534
1788957786902659600,3.18565966796875,0.4617370069026947,0.05458628013730049,-0.7117513418197632
1788957786912708900,3.195708984375,0.48420608043670654,0.14354917407035828,-0.7840138673782349
1788957786922759000,3.205759033203125,0.48088112473487854,0.18589690327644348,-0.7789658308029175
1788957786932808700,3.21580859375,0.476848304271698,0.16814373433589935,-0.7313194870948792
1788957786942858800,3.225858642578125,0.47822117805480957,0.1358763426542282,-0.6894343495368958
1788957786952907800,3.23590771484375,0.43603163957595825,0.10879332572221756,-0.6930282711982727
1788957786962957600,3.24595751953125,0.39448580145835876,0.09229531139135361,-0.7335027456283569
1788957786973007600,3.256007568359375,0.3638423979282379,0.020364660769701004,-0.7891423106193542
1788957786983057700,3.2660576171875,0.3230142593383789,-0.06987015902996063,-0.8167275786399841
1788957786993107700,3.276107666015625,0.30874985456466675,-0.17852473258972168,-0.8341132402420044
1788957787003156700,3.28615673828125,0.31046226620674133,-0.20675930380821228,-0.8479153513908386
1788957787013206800,3.296206787109375,0.2829512655735016,-0.21519966423511505,-0.8487281203269958
1788957787023256800,3.3062568359375,0.2481434941291809,-0.17189159989356995,-0.8490117788314819
1788957787033306600,3.316306640625,0.20105187594890594,-0.14309030771255493,-0.8214701414108276
1788957787043355600,3.326355712890625,0.16575726866722107,-0.19980178773403168,-0.7895625233650208
1788957787053405700,3.33640576171875,0.14535799622535706,-0.30677857995033264,-0.7858831286430359
1788957787063455500,3.34645556640625,0.1257731020450592,-0.39622029662132263,-0.8061503171920776
1788957787073505500,3.356505615234375,0.07834433764219284,-0.42677128314971924,-0.822414755821228
1788957787083554800,3.366554931640625,0.05946705490350723,-0.49045732617378235,-0.7999073266983032
1788957787093604900,3.37660498046875,0.02948545478284359,-0.6198616623878479,-0.7393094897270203
1788957787103654700,3.386654541015625,0.006072273477911949,-0.6664614081382751,-0.6485732197761536
1788957787113704700,3.39670458984375,-0.01655660569667816,-0.6412431001663208,-0.5764963626861572
1788957787123754800,3.406754638671875,-0.048602424561977386,-0.6077916622161865,-0.539084255695343
1788957787133803500,3.416803466796875,-0.05333486199378967,-0.5566174387931824,-0.48981791734695435
1788957787143853600,3.426853515625,-0.004820853937417269,-0.4419582486152649,-0.43540525436401367
1788957787153903600,3.436903564453125,0.037106357514858246,-0.2970671057701111,-0.4123561382293701
1788957787163953700,3.44695361328125,0.063229039311409,-0.09914682060480118,-0.410643994808197
1788957787174002700,3.457002685546875,0.10024777054786682,0.12222151458263397,-0.3841221034526825
1788957787184052700,3.467052734375,0.15033011138439178,0.26535019278526306,-0.3224235773086548
1788957787194102800,3.477102783203125,0.1702396422624588,0.3146972358226776,-0.2728424370288849
1788957787204152600,3.487152587890625,0.18095992505550385,0.2941112518310547,-0.24516741931438446
1788957787214201600,3.49720166015625,0.17755721509456635,0.2715468108654022,-0.23418480157852173
1788957787224251600,3.507251708984375,0.1483260840177536,0.28120291233062744,-0.2078123241662979
1788957787234301700,3.5173017578125,0.16356416046619415,0.3323630392551422,-0.16871099174022675
1788957787244351700,3.527351806640625,0.06614386290311813,0.3460138738155365,-0.1354835331439972
1788957787254400800,3.53740087890625,-0.000520647969096899,0.30673250555992126,-0.11595270037651062
1788957787264450800,3.547450927734375,-0.05445019155740738,0.26809191703796387,-0.07601247727870941
1788957787274500600,3.55750048828125,-0.0873921662569046,0.2807096838951111,-0.017878333106637
1788957787284550700,3.567550537109375,-0.09627646952867508,0.3397282660007477,0.044972002506256104
1788957787294600700,3.5776005859375,-0.08857940137386322,0.4208361804485321,0.11579424142837524
1788957787304649500,3.5876494140625,-0.07523909211158752,0.46509790420532227,0.18336236476898193
1788957787314699800,3.59769970703125,-0.0590185783803463,0.429514080286026,0.24473437666893005
1788957787324749800,3.607749755859375,-0.05403314158320427,0.35743802785873413,0.3063596487045288
1788957787334800000,3.6177998046875,-0.053942061960697174,0.2809126377105713,0.3542307913303375
1788957787344848600,3.6278486328125,-0.0628061294555664,0.17101861536502838,0.38944974541664124
1788957787354898700,3.637898681640625,-0.08372952044010162,0.016355004161596298,0.4093765914440155
1788957787364948700,3.64794873046875,-0.10004910081624985,-0.11811332404613495,0.40109601616859436
1788957787374998800,3.657998779296875,-0.09312541782855988,-0.18473470211029053,0.37620317935943604
1788957787385047600,3.668047607421875,-0.07431045174598694,-0.18987193703651428,0.346503883600235
1788957787395097900,3.678097900390625,-0.04181509092450142,-0.1467851847410202,0.31275472044944763
1788957787405148000,3.68814794921875,-0.04446360468864441,-0.09805519133806229,0.2945168614387512
1788957787415197700,3.69819775390625,-0.06506875157356262,-0.08416680991649628,0.2856740951538086
1788957787425247700,3.708247802734375,-0.09275097399950027,-0.07268618792295456,0.2763493061065674
1788957787435296800,3.718296875,-0.10289601981639862,-0.05859939754009247,0.2831270396709442
1788957787445346600,3.7283466796875,-0.08873359858989716,-0.08291592448949814,0.30285096168518066
1788957787455396600,3.738396728515625,-0.0620841421186924,-0.1444309502840042,0.3236182928085327
1788957787465446700,3.74844677734375,-0.042224686592817307,-0.225066140294075,0.32513681054115295
1788957787475496000,3.758495849609375,-0.022722089663147926,-0.32505133748054504,0.2891268730163574
1788957787485545700,3.768545654296875,-0.025017734616994858,-0.4139622747898102,0.2256392538547516
1788957787495595800,3.778595703125,-0.054135940968990326,-0.4622315466403961,0.1627468317747116
1788957787505645800,3.788645751953125,-0.09137571603059769,-0.4789663255214691,0.1179647222161293
1788957787515694600,3.798694580078125,-0.09717262536287308,-0.4350145757198334,0.08407440036535263
1788957787525744600,3.80874462890625,-0.08886648714542389,-0.3436974585056305,0.04753689095377922
1788957787535794700,3.818794677734375,-0.0810631588101387,-0.32146936655044556,-0.010730142705142498
1788957787545844700,3.8288447265625,-0.08663236349821091,-0.3621632754802704,-0.09680537134408951
1788957787555893800,3.838893798828125,-0.10691073536872864,-0.4332835376262665,-0.1820148080587387
1788957787565943800,3.84894384765625,-0.11425440013408661,-0.5208764672279358,-0.2570757269859314
1788957787575993900,3.858993896484375,-0.1113174706697464,-0.6263376474380493,-0.317361444234848
1788957787586043400,3.86904345703125,-0.10200013220310211,-0.7270475029945374,-0.3649257719516754
1788957787596093400,3.879093505859375,-0.10736267268657684,-0.7907617688179016,-0.40433308482170105
1788957787606142200,3.88914208984375,-0.125545933842659,-0.8054959774017334,-0.4138147532939911
1788957787616192300,3.899192138671875,-0.16243471205234528,-0.7780520915985107,-0.3628096282482147
1788957787626242300,3.9092421875,-0.20921207964420319,-0.7518633604049683,-0.26281777024269104
1788957787636292400,3.919292236328125,-0.23946131765842438,-0.7420054078102112,-0.15771132707595825
1788957787646341400,3.92934130859375,-0.24290026724338531,-0.7144352793693542,-0.07734512537717819
1788957787656391400,3.939391357421875,-0.23083162307739258,-0.6469926238059998,-0.021918615326285362
1788957787666441500,3.94944140625,-0.23981764912605286,-0.5859015583992004,0.0016269250772893429
1788957787676491300,3.9594912109375,-0.2736283540725708,-0.565535843372345,0.019724702462553978
1788957787686540300,3.969540283203125,-0.3085844814777374,-0.5751322507858276,0.08325999975204468
1788957787696590300,3.97959033203125,-0.3181116580963135,-0.5941587090492249,0.1763438731431961
1788957787706640400,3.989640380859375,-0.3047140836715698,-0.586827278137207,0.24724334478378296
1788957787716690200,3.999690185546875,-0.271301805973053,-0.5957112908363342,0.2720980942249298
1788957787726740500,4.009740478515625,-0.23783759772777557,-0.6426348686218262,0.24315565824508667
1788957787736789500,4.01978955078125,-0.21857121586799622,-0.6941550374031067,0.19448666274547577
1788957787746839300,4.02983935546875,-0.23181885480880737,-0.7389771342277527,0.17282797396183014
1788957787756889300,4.039889404296875,-0.26601943373680115,-0.7463492751121521,0.16870112717151642
1788957787766939400,4.049939453125,-0.3119181990623474,-0.6922178864479065,0.1709219366312027
1788957787776988200,4.05998828125,-0.3457891047000885,-0.5775892734527588,0.17921556532382965
1788957787787038200,4.0700380859375,-0.35852912068367004,-0.4685264527797699,0.18825405836105347
1788957787797088500,4.080088623046875,-0.36281973123550415,-0.3882862329483032,0.18940109014511108
1788957787807138600,4.090138671875,-0.3568606674671173,-0.324424147605896,0.195553258061409
1788957787817187300,4.100187255859375,-0.31932365894317627,-0.306268572807312,0.20665384829044342
1788957787827237400,4.1102373046875,-0.27159184217453003,-0.3145800530910492,0.23325376212596893
1788957787837287400,4.120287353515625,-0.2226509153842926,-0.26774463057518005,0.27612826228141785
1788957787847337500,4.13033740234375,-0.2058255970478058,-0.19302883744239807,0.31250250339508057
1788957787857386200,4.14038623046875,-0.24135562777519226,-0.15825514495372772,0.3192096948623657
1788957787867436300,4.150436279296875,-0.3246302902698517,-0.1687232404947281,0.3034035563468933
1788957787877486600,4.160486572265625,-0.4107917845249176,-0.17660406231880188,0.28494730591773987
1788957787887536400,4.170536376953125,-0.46498045325279236,-0.1555911898612976,0.2856876850128174
1788957787897585400,4.18058544921875,-0.4590810239315033,-0.12183136492967606,0.2824138402938843
1788957787907635500,4.190635498046875,-0.40608200430870056,-0.11831279844045639,0.24940529465675354
1788957787917685200,4.200685302734375,-0.34555286169052124,-0.13421745598316193,0.18367502093315125
1788957787927735300,4.2107353515625,-0.30823320150375366,-0.13647235929965973,0.09934815764427185
1788957787937785300,4.220785400390625,-0.29700610041618347,-0.11114303022623062,0.016285229474306107
1788957787947834400,4.23083447265625,-0.29511234164237976,-0.060449495911598206,-0.07087364047765732
1788957787957884400,4.240884521484375,-0.29476797580718994,0.010184193961322308,-0.1613614559173584
1788957787967934500,4.2509345703125,-0.3006612956523895,0.09247028082609177,-0.22936394810676575
1788957787977984500,4.260984619140625,-0.3174482583999634,0.17991358041763306,-0.2904776334762573
1788957787988033300,4.271033203125,-0.3284740149974823,0.22264187037944794,-0.3461898863315582
1788957787998083300,4.281083251953125,-0.33095741271972656,0.23335735499858856,-0.36392921209335327
1788957788008133400,4.29113330078125,-0.2838327884674072,0.24500815570354462,-0.321805477142334
1788957788018183400,4.301183349609375,-0.19635726511478424,0.25479501485824585,-0.2524104118347168
1788957788028232400,4.311232421875,-0.09319465607404709,0.25631967186927795,-0.20564770698547363
1788957788038282500,4.321282470703125,0.01552036963403225,0.2707710564136505,-0.18601061403751373
1788957788048332500,4.33133251953125,0.0919826552271843,0.3019811511039734,-0.18695737421512604
1788957788058382300,4.34138232421875,0.1350259929895401,0.3498557507991791,-0.18606014549732208
1788957788068431400,4.351431396484375,0.11760705709457397,0.3793236315250397,-0.16373327374458313
1788957788078481400,4.3614814453125,0.04806260019540787,0.3210616409778595,-0.1255137175321579
1788957788088531200,4.37153125,-0.033782463520765305,0.2388828843832016,-0.07953237742185593
1788957788098581200,4.381581298828125,-0.09211501479148865,0.12434086203575134,-0.04752916842699051
1788957788108631300,4.39163134765625,-0.10683616995811462,-0.04063717648386955,0.0027510453946888447
1788957788118680600,4.4016806640625,-0.09931246936321259,-0.17580032348632812,0.08226398378610611
1788957788128730400,4.41173046875,-0.06795401871204376,-0.18072476983070374,0.16253139078617096
1788957788138780400,4.421780517578125,0.004185956437140703,-0.07028854638338089,0.2085055410861969
1788957788148830500,4.43183056640625,0.08285973221063614,-0.009031844325363636,0.22668081521987915
1788957788158879200,4.441879150390625,0.15028484165668488,0.048222921788692474,0.22804409265518188
1788957788168929300,4.45192919921875,0.1706380546092987,0.09922751784324646,0.22785979509353638
1788957788178979300,4.461979248046875,0.15743009746074677,0.1911555826663971,0.2253047525882721
1788957788189029400,4.472029296875,0.11886406689882278,0.34910231828689575,0.19442486763000488
1788957788199078400,4.482078369140625,0.06866215169429779,0.5025009512901306,0.12702612578868866
1788957788209128400,4.49212841796875,0.01671799272298813,0.5361523628234863,0.05975547432899475
1788957788219178500,4.502178466796875,-0.021336447447538376,0.4714154601097107,0.02352583222091198
1788957788229228300,4.512228271484375,-0.052144162356853485,0.3646666407585144,-0.012233763001859188
1788957788239277300,4.52227734375,-0.07770784199237823,0.2607825994491577,-0.1053868755698204
1788957788249327400,4.532327392578125,-0.09917744994163513,0.1913425326347351,-0.238684743642807
1788957788259377400,4.54237744140625,-0.13371118903160095,0.16373354196548462,-0.3506730794906616
1788957788269427200,4.55242724609375,-0.16093295812606812,0.14076350629329681,-0.40907034277915955
1788957788279477200,4.562477294921875,-0.18297646939754486,0.1123715490102768,-0.4080013334751129
1788957788289526500,4.572526611328125,-0.20637713372707367,0.0786636546254158,-0.40734192728996277
1788957788299576300,4.582576416015625,-0.22015313804149628,0.06347138434648514,-0.41674262285232544
1788957788309626400,4.59262646484375,-0.2126355618238449,0.05757434666156769,-0.4350132346153259
1788957788319676400,4.602676513671875,-0.19218914210796356,0.03989282250404358,-0.43904608488082886
1788957788329725200,4.61272509765625,-0.17665226757526398,0.030640466138720512,-0.38984522223472595
1788957788339775200,4.622775146484375,-0.1669684797525406,-0.0032349417451769114,-0.2847244143486023
1788957788349825300,4.6328251953125,-0.15584951639175415,-0.07195062190294266,-0.17036108672618866
1788957788359875300,4.642875244140625,-0.13475754857063293,-0.12397414445877075,-0.08768244832754135
1788957788369924400,4.65292431640625,-0.12681706249713898,-0.11439608037471771,-0.0487465001642704
1788957788379974400,4.662974365234375,-0.13783802092075348,-0.10120172053575516,-0.04066300764679909
1788957788390024400,4.6730244140625,-0.14251106977462769,-0.156514510512352,-0.0311584509909153
1788957788400074500,4.683074462890625,-0.06811194121837616,-0.212571382522583,-0.0015962987672537565
1788957788410123300,4.693123291015625,-0.026504311710596085,-0.3325646221637726,0.009194031357765198
1788957788420173300,4.70317333984375,-0.07154528796672821,-0.5088483095169067,-0.008383897133171558
1788957788430223400,4.713223388671875,-0.11482005566358566,-0.6599214673042297,-0.00398648576810956
1788957788440273400,4.7232734375,-0.09716729819774628,-0.7344561219215393,0.035057321190834045
1788957788450322400,4.733322509765625,-0.052563074976205826,-0.7270299196243286,0.06542720645666122
1788957788460372500,4.74337255859375,-0.00797057431191206,-0.6064390540122986,0.04289926216006279
1788957788470422300,4.75342236328125,0.02424115687608719,-0.3782181441783905,-0.0059993029572069645
1788957788480472300,4.763472412109375,0.07868842035531998,-0.13280944526195526,-0.03374624624848366
1788957788490522400,4.7735224609375,0.16950993239879608,0.049733202904462814,-0.03458460792899132
1788957788500571100,4.783571044921875,0.25711435079574585,0.1303204596042633,-0.028676385059952736
1788957788510621200,4.79362109375,0.2912920415401459,0.10995686054229736,-0.044195156544446945
1788957788520671500,4.80367138671875,0.3189369738101959,0.0840243324637413,-0.057141583412885666
1788957788530721500,4.813721435546875,0.3344626724720001,0.0839039534330368,-0.06680885702371597
1788957788540770300,4.823770263671875,0.3184243142604828,0.11430340260267258,-0.057319480925798416
1788957788550820400,4.8338203125,0.29429367184638977,0.12497389316558838,-0.03603363409638405
1788957788560870400,4.843870361328125,0.279405802488327,0.05639989301562309,-0.005770271178334951
1788957788570920400,4.85392041015625,0.29106247425079346,-0.11388368904590607,0.015156049281358719
1788957788580969200,4.86396923828125,0.3235391676425934,-0.3160722255706787,-0.020774520933628082
1788957788591019500,4.87401953125,0.3218928277492523,-0.45972099900245667,-0.10516077280044556
1788957788601069600,4.884069580078125,0.3165087103843689,-0.4255014955997467,-0.16164615750312805
1788957788611119600,4.89411962890625,0.32952091097831726,-0.2507898807525635,-0.17393743991851807
1788957788621168400,4.90416845703125,0.3637784719467163,-0.033606961369514465,-0.15521089732646942
1788957788631218400,4.914218505859375,0.385686457157135,0.14696387946605682,-0.13179504871368408
1788957788641268500,4.9242685546875,0.41669175028800964,0.28659874200820923,-0.10255513340234756
1788957788651318500,4.934318603515625,0.42482027411460876,0.4025495648384094,-0.07364758849143982
1788957788661368300,4.944368408203125,0.4124477505683899,0.5465629696846008,-0.007444866932928562
1788957788671417600,4.95441748046875,0.39517742395401,0.7250804901123047,0.12222924083471298
1788957788681467600,4.964467529296875,0.39191263914108276,0.9308762550354004,0.31709805130958557
1788957788691517400,4.974517333984375,0.3782820701599121,1.1116793155670166,0.5460750460624695
1788957788701567500,4.9845673828125,0.390581876039505,1.2429736852645874,0.7477317452430725
1788957788711616500,4.994616455078125,0.42988958954811096,1.3646631240844727,0.894820511341095
1788957788721666300,5.004666259765625,0.46660473942756653,1.489330530166626,0.9729368686676025
1788957788731716400,5.01471630859375,0.491451233625412,1.6350821256637573,1.0072187185287476
1788957788741766400,5.024766357421875,0.4785572588443756,1.7951740026474,1.0465466976165771
1788957788751815700,5.034815673828125,0.42911380529403687,1.9502965211868286,1.1362382173538208
1788957788761865500,5.044865478515625,0.38631123304367065,2.0348360538482666,1.2504010200500488
1788957788771915500,5.05491552734375,0.3875834047794342,2.0241339206695557,1.3307021856307983
1788957788781965600,5.064965576171875,0.4311881363391876,1.8976045846939087,1.3465664386749268
1788957788792014300,5.075014404296875,0.4970281422138214,1.6541253328323364,1.3338210582733154
1788957788802064400,5.085064453125,0.5431048274040222,1.3246432542800903,1.3384253978729248
1788957788812114400,5.095114501953125,0.6225791573524475,0.9411145448684692,1.400439977645874
1788957788822164500,5.10516455078125,0.7221233248710632,0.6089456081390381,1.4867315292358398
1788957788832213500,5.115213623046875,0.8414526581764221,0.34863361716270447,1.5114104747772217
1788957788842263600,5.125263671875,0.9282309412956238,0.16607792675495148,1.4216563701629639
1788957788852313600,5.135313720703125,0.8884968161582947,0.03629462420940399,1.1589120626449585
1788957788862363400,5.14536328125,0.7282163500785828,0.060868144035339355,0.8278880715370178
1788957788872412400,5.155412353515625,0.6399205923080444,0.2525089383125305,0.7396903038024902
1788957788882462500,5.16546240234375,0.6941961050033569,0.40863943099975586,0.8761323094367981
1788957788892512500,5.175512451171875,0.8194887638092041,0.3827260732650757,1.0324755907058716
1788957788902562300,5.185562255859375,0.9083227515220642,0.17921529710292816,1.0650814771652222
1788957788912612400,5.1956123046875,1.0187551975250244,0.22987741231918335,1.0605626106262207
1788957788922661600,5.20566162109375,1.1088685989379883,0.4651607573032379,0.9768211245536804
1788957788932711400,5.21571142578125,1.193457841873169,0.6569384336471558,1.000327229499817
1788957788942761500,5.225761474609375,1.132855772972107,0.8030130863189697,1.174777626991272
1788957788952811500,5.2358115234375,0.9550244808197021,0.7299732565879822,1.4393080472946167
1788957788962860300,5.2458603515625,0.7130584716796875,0.5009978413581848,1.642059326171875
1788957788972910300,5.255910400390625,0.48378825187683105,0.2374727427959442,1.721264362335205
1788957788982960400,5.26596044921875,0.30452632904052734,-0.055258993059396744,1.7020246982574463
1788957788993010400,5.276010498046875,0.1669149547815323,-0.4232625663280487,1.4950543642044067
1788957789003059500,5.2860595703125,0.019412048161029816,-0.8076605796813965,1.0506020784378052
1788957789013109500,5.296109619140625,-0.10588914901018143,-1.078474521636963,0.43601006269454956
1788957789023159600,5.30615966796875,-0.1819293200969696,-1.1626365184783936,-0.09679152071475983
1788957789033209600,5.316209716796875,-0.2299000471830368,-0.9494824409484863,-0.360588014125824
1788957789043258400,5.32625830078125,-0.279181569814682,-0.6139001846313477,-0.44114384055137634
1788957789053308400,5.336308349609375,-0.31381306052207947,-0.4009820520877838,-0.5223342776298523
1788957789063358500,5.3463583984375,-0.3356965184211731,-0.3338607847690582,-0.642279326915741
1788957789073408300,5.356408203125,-0.368089884519577,-0.27567577362060547,-0.7022420167922974
1788957789083457500,5.36645751953125,-0.4034654498100281,-0.16584250330924988,-0.6372765898704529
1788957789093507600,5.376507568359375,-0.4317876398563385,-0.06724827736616135,-0.5044841766357422
1788957789103557400,5.386557373046875,-0.43047896027565,-0.08207648992538452,-0.38468003273010254
1788957789113607400,5.396607421875,-0.3663247227668762,-0.19430822134017944,-0.30484431982040405
1788957789123656400,5.406656494140625,-0.28414463996887207,-0.32706066966056824,-0.23415523767471313
1788957789133706500,5.41670654296875,-0.3700054883956909,-0.5467320680618286,-0.08084424585103989
1788957789143756300,5.42675634765625,-0.4453982412815094,-0.721996545791626,0.08300673216581345
1788957789153806300,5.436806396484375,-0.45805543661117554,-0.7988204956054688,0.24775440990924835
1788957789163856400,5.4468564453125,-0.4577960669994354,-0.7905175685882568,0.34094640612602234
1788957789173905400,5.456905517578125,-0.49576446413993835,-0.737308919429779,0.37574833631515503
1788957789183955500,5.46695556640625,-0.5288760662078857,-0.685152530670166,0.40508678555488586
1788957789194005500,5.477005615234375,-0.5355579853057861,-0.6710353493690491,0.4500281512737274
1788957789204055600,5.4870556640625,-0.5033372044563293,-0.6702284216880798,0.52234947681427
1788957789214104300,5.497104248046875,-0.44902199506759644,-0.6842872500419617,0.6331326961517334
1788957789224154400,5.507154296875,-0.362898051738739,-0.7280749678611755,0.7632222771644592
1788957789234204400,5.517204345703125,-0.2815224826335907,-0.897948145866394,0.9050619602203369
1788957789244254500,5.52725439453125,-0.24135376513004303,-1.1080379486083984,0.9693775773048401
1788957789254303500,5.537303466796875,-0.25083088874816895,-1.312835931777954,1.02013099193573
1788957789264353500,5.547353515625,-0.2720181941986084,-1.4301148653030396,1.0741604566574097
1788957789274403300,5.5574033203125,-0.2580384612083435,-1.4913430213928223,1.066373348236084
1788957789284453400,5.567453369140625,-0.2631666660308838,-1.5171730518341064,0.9452253580093384
1788957789294502400,5.57750244140625,-0.2773144245147705,-1.4804043769836426,0.7922592759132385
1788957789304552400,5.587552490234375,-0.27583611011505127,-1.400726556777954,0.657215416431427
1788957789314602500,5.5976025390625,-0.2689712643623352,-1.3328559398651123,0.5367130041122437
1788957789324652500,5.607652587890625,-0.27534395456314087,-1.2574315071105957,0.4442712068557739
1788957789334701600,5.61770166015625,-0.3251485228538513,-1.0905383825302124,0.3920005261898041
1788957789344751400,5.62775146484375,-0.37792810797691345,-0.83370041847229,0.36193183064460754
1788957789354801400,5.637801513671875,-0.370862752199173,-0.6067245602607727,0.32170212268829346
1788957789364851500,5.6478515625,-0.35302117466926575,-0.4569374620914459,0.3038424551486969
1788957789374901500,5.657901611328125,-0.33406612277030945,-0.4106663465499878,0.30886968970298767
1788957789384950300,5.6679501953125,-0.31062552332878113,-0.4747510850429535,0.3569032549858093
1788957789395000600,5.67800048828125,-0.2668391466140747,-0.5943976044654846,0.41659295558929443
1788957789405050600,5.688050537109375,-0.21166378259658813,-0.7018553018569946,0.4568359851837158
1788957789415100400,5.698100341796875,-0.16010072827339172,-0.7022302746772766,0.4689168930053711
1788957789425149400,5.7081494140625,-0.10408245772123337,-0.642654299736023,0.4703448712825775
1788957789435199500,5.718199462890625,-0.07349765300750732,-0.5328681468963623,0.4995485544204712
1788957789445249500,5.72824951171875,-0.04965810105204582,-0.49319079518318176,0.5216666460037231
1788957789455299300,5.73829931640625,-0.003960919566452503,-0.4990423023700714,0.5314378142356873
1788957789465348600,5.7483486328125,0.043896351009607315,-0.49581214785575867,0.5405929088592529
1788957789475398700,5.758398681640625,0.09093017131090164,-0.4853629767894745,0.5446034073829651
1788957789485448400,5.768448486328125,0.11575083434581757,-0.4772834777832031,0.5310947895050049
1788957789495498500,5.77849853515625,0.13245657086372375,-0.49649205803871155,0.5134015083312988
1788957789505547500,5.788547607421875,0.12611691653728485,-0.5203571915626526,0.4954369068145752
1788957789515597300,5.798597412109375,0.10802047699689865,-0.49335217475891113,0.46600791811943054
1788957789525647400,5.8086474609375,0.08171563595533371,-0.4179799258708954,0.4276871681213379
1788957789535697400,5.818697509765625,0.02845853939652443,-0.3340751826763153,0.35478952527046204
1788957789545746700,5.82874658203125,-0.05240941047668457,-0.2606033682823181,0.2543103098869324
1788957789555796500,5.83879638671875,-0.13639512658119202,-0.1644800305366516,0.1781657487154007
1788957789565846500,5.848846435546875,-0.19972269237041473,-0.04556695371866226,0.1406998634338379
1788957789575896600,5.858896484375,-0.2233651727437973,0.07277113944292068,0.11061013489961624
1788957789585945900,5.86894580078125,-0.18936219811439514,0.18180282413959503,0.06591536849737167
1788957789595995600,5.87899560546875,-0.15398690104484558,0.13082486391067505,0.017766213044524193
1788957789606045700,5.889045654296875,-0.17731060087680817,-0.32905325293540955,-0.07119455188512802
1788957789616095700,5.899095703125,-0.12050830572843552,-1.1137763261795044,-0.19153080880641937
1788957789626144800,5.909144775390625,-0.05071404203772545,-1.1616820096969604,-0.20755505561828613
1788957789636194800,5.91919482421875,0.03532310202717781,-0.7282914519309998,-0.1303367018699646
1788957789646244900,5.929244873046875,0.11709972470998764,-0.20399734377861023,-0.02694905921816826
1788957789656295000,5.939294921875,0.13792350888252258,-0.028246551752090454,0.06980038434267044
1788957789666344700,5.9493447265625,0.12210486829280853,-0.1991139054298401,0.12916304171085358
1788957789676393700,5.959393798828125,0.11953039467334747,-0.4062625467777252,0.10294395685195923
1788957789686443800,5.96944384765625,0.12825463712215424,-0.4376702904701233,0.028839638456702232
1788957789696493600,5.97949365234375,0.14062821865081787,-0.29898136854171753,-0.038597192615270615
1788957789706543600,5.989543701171875,0.15130962431430817,-0.12696753442287445,-0.0751996785402298
1788957789716593000,5.999593017578125,0.14011263847351074,0.03496570512652397,-0.08005275577306747
1788957789726643000,6.009642822265625,0.11653193831443787,0.17286844551563263,-0.05361555889248848
1788957789736692700,6.019692626953125,0.08851414918899536,0.2771378755569458,0.0020793962758034468
1788957789746742800,6.02974267578125,0.0702589824795723,0.3114100694656372,0.06495103985071182
1788957789756791800,6.039791748046875,0.08399636298418045,0.2680905759334564,0.14985980093479156
1788957789766841600,6.049841552734375,0.1026368960738182,0.21875418722629547,0.24906601011753082
1788957789776891600,6.0598916015625,0.11121653765439987,0.15785753726959229,0.34203776717185974
1788957789786941700,6.069941650390625,0.10588329285383224,0.07335517555475235,0.39217710494995117
1788957789796990700,6.07999072265625,0.10414424538612366,0.02231595851480961,0.39016374945640564
1788957789807040800,6.090040771484375,0.07767162472009659,0.06137654185295105,0.395779550075531
1788957789817090800,6.1000908203125,0.03942863270640373,0.1408095806837082,0.40622153878211975
1788957789827140900,6.110140869140625,0.034211233258247375,0.2013469636440277,0.4029748737812042
1788957789837189600,6.120189697265625,0.04682076722383499,0.17409563064575195,0.357931524515152
1788957789847239700,6.13023974609375,0.0637105330824852,0.16080699861049652,0.33327996730804443
1788957789857289700,6.140289794921875,0.08937488496303558,0.21001209318637848,0.3592143654823303
1788957789867339800,6.15033984375,0.14102955162525177,0.5135195255279541,0.42353555560112
1788957789877388800,6.160388916015625,0.18655149638652802,0.399960458278656,0.45719072222709656
1788957789887438800,6.17043896484375,0.18305690586566925,0.4894043207168579,0.48631131649017334
1788957789897489000,6.180489013671875,0.21249069273471832,0.5244855880737305,0.530193030834198
1788957789907538700,6.19053857421875,0.18848122656345367,0.4785362184047699,0.5539148449897766
1788957789917587700,6.200587646484375,0.16461850702762604,0.474044531583786,0.5381298065185547
1788957789927637800,6.2106376953125,0.1577717810869217,0.45292913913726807,0.5258249044418335
1788957789937687600,6.2206875,0.1670433133840561,0.4333796501159668,0.5087047815322876
1788957789947737600,6.230737548828125,0.1716785430908203,0.47787976264953613,0.46680977940559387
1788957789957787000,6.240786865234375,0.18359220027923584,0.5801089406013489,0.44199657440185547
1788957789967837000,6.2508369140625,0.21112927794456482,0.6752620935440063,0.45497018098831177
1788957789977886700,6.26088671875,0.14392095804214478,0.7112139463424683,0.461047500371933
1788957789987936800,6.270936767578125,0.14055445790290833,0.7085057497024536,0.4580077826976776
1788957789997985800,6.28098583984375,0.2012108713388443,0.6597616672515869,0.4216015636920929
1788957790008035600,6.29103564453125,0.25748345255851746,0.5821371674537659,0.3546518385410309
1788957790018085600,6.301085693359375,0.28802940249443054,0.47394731640815735,0.2868810296058655
1788957790028135700,6.3111357421875,0.3011625111103058,0.43913716077804565,0.21355009078979492
1788957790038184700,6.321184814453125,0.32508140802383423,0.34456244111061096,0.13447073101997375
1788957790048234800,6.33123486328125,0.26098817586898804,0.25417476892471313,-0.005216067191213369
1788957790058284800,6.341284912109375,0.12008485943078995,0.22225463390350342,-0.18897497653961182
1788957790068334800,6.3513349609375,0.007513309828937054,0.22940921783447266,-0.31766319274902344
1788957790078384600,6.361384521484375,0.05463581532239914,0.18180681765079498,-0.31626397371292114
1788957790088433700,6.37143359375,0.07842236757278442,0.10223422944545746,-0.20978865027427673
1788957790098483700,6.381483642578125,-0.015468970872461796,0.07194077223539352,-0.1336374282836914
1788957790108533800,6.39153369140625,-0.0628892183303833,0.1657431572675705,-0.12276267260313034
1788957790118583600,6.40158349609375,-0.050327084958553314,0.3087248206138611,-0.14083701372146606
1788957790128632800,6.4116328125,-0.02683267928659916,0.34615394473075867,-0.10859625041484833
1788957790138683000,6.421682861328125,0.010268083773553371,0.33557772636413574,-0.03905738890171051
1788957790148732700,6.431732666015625,0.04996702820062637,0.3347875773906708,0.006404103245586157
1788957790158782700,6.44178271484375,0.07931985706090927,0.37917208671569824,-0.002517219865694642
1788957790168831700,6.451831787109375,0.0916185975074768,0.4123252332210541,-0.05710642784833908
1788957790178881500,6.461881591796875,0.10686173290014267,0.46475011110305786,-0.10512135922908783
1788957790188931600,6.471931640625,0.12496989965438843,0.5214506387710571,-0.1409270316362381
1788957790198982000,6.48198193359375,0.13307788968086243,0.52070152759552,-0.12772893905639648
1788957790209030700,6.49203076171875,0.17196190357208252,0.505164623260498,-0.09112777560949326
1788957790219080700,6.502080810546875,0.19649547338485718,0.47614550590515137,-0.05005704239010811
1788957790229130800,6.512130859375,0.1774275153875351,0.471763551235199,-0.015478026121854782
1788957790239180800,6.522180908203125,0.18574883043766022,0.511218786239624,0.026730680838227272
1788957790249229600,6.5322294921875,0.19831575453281403,0.5348692536354065,0.07553576678037643
1788957790259279600,6.542279541015625,0.1671929806470871,0.5536240339279175,0.06603627651929855
1788957790269329700,6.55232958984375,0.1915808767080307,0.6182760000228882,0.020838435739278793
1788957790279380000,6.5623798828125,0.2693678140640259,0.6411640048027039,-0.012956278398633003
1788957790289428700,6.5724287109375,0.3240542411804199,0.556495189666748,-0.020475447177886963
1788957790299478800,6.582478759765625,0.37233680486679077,0.42066866159439087,0.01727006770670414
1788957790309528800,6.59252880859375,0.38393434882164,0.2844615578651428,0.06287190318107605
1788957790319578600,6.60257861328125,0.34461677074432373,0.15114344656467438,0.11982414126396179
1788957790329627600,6.612627685546875,0.2910771071910858,0.04102413356304169,0.1701757311820984
1788957790339677700,6.622677734375,0.25415611267089844,-0.05446404218673706,0.18115514516830444
1788957790349727700,6.632727783203125,0.2297719419002533,-0.24713921546936035,0.16429440677165985
1788957790359777800,6.64277783203125,0.26943734288215637,-0.144281804561615,0.13430561125278473
1788957790369826800,6.652826904296875,0.3666299283504486,0.20186254382133484,0.154925137758255
1788957790379876900,6.662876953125,0.4376010298728943,0.4843325912952423,0.28335100412368774
1788957790389926700,6.6729267578125,0.4700345993041992,0.6580215692520142,0.45650815963745117
1788957790399976700,6.682976806640625,0.5122153759002686,0.8096624612808228,0.6008008718490601
1788957790410025700,6.693025634765625,0.5618093013763428,1.0115714073181152,0.7512239217758179
1788957790420075800,6.70307568359375,0.5962508916854858,1.1650360822677612,0.8462623357772827
1788957790430125800,6.713125732421875,0.5120619535446167,1.2007924318313599,0.8669534921646118
1788957790440175900,6.72317578125,0.3776109516620636,1.1214643716812134,0.8190138936042786
1788957790450224600,6.733224609375,0.2071571797132492,1.0029739141464233,0.7859798073768616
1788957790460274700,6.743274658203125,-0.0013598100049421191,0.878673255443573,0.7483876943588257
1788957790470324700,6.75332470703125,-0.2145674228668213,0.8113093972206116,0.6736795902252197
1788957790480374800,6.763374755859375,-0.283028244972229,0.6828992366790771,0.5981504917144775
1788957790490423600,6.773423583984375,-0.21731767058372498,0.52436763048172,0.5899090766906738
1788957790500473900,6.783473876953125,-0.14060132205486298,0.32850250601768494,0.5782508254051208
1788957790510524000,6.79352392578125,-0.06045854836702347,0.12453074008226395,0.557762622833252
1788957790520574000,6.803573974609375,-0.06321385502815247,-0.0751701146364212,0.5369443893432617
1788957790530622700,6.813622802734375,-0.08527974039316177,-0.18386757373809814,0.4931151568889618
1788957790540672800,6.8236728515625,-0.011186608113348484,-0.22206449508666992,0.41142481565475464
1788957790550722800,6.833722900390625,0.04308994486927986,-0.2387574464082718,0.27095186710357666
1788957790560772600,6.843772705078125,0.04276876896619797,-0.36375531554222107,0.09591134637594223
1788957790570822000,6.85382177734375,0.03455451503396034,-0.3372941315174103,0.0008844357798807323
1788957790580872000,6.863871826171875,0.03104446828365326,-0.33804115653038025,-0.03346128761768341
1788957790590921500,6.87392138671875,0.021920744329690933,-0.15374615788459778,-0.003763312939554453
1788957790600971500,6.883971435546875,-0.048048753291368484,-0.09855187684297562,0.0034700988326221704
1788957790611020500,6.8940205078125,-0.08513193577528,-0.08148100972175598,0.002907373011112213
1788957790621070300,6.9040703125,-0.08271805197000504,-0.049376070499420166,-0.001654089312069118
1788957790631120400,6.914120361328125,-0.06006626784801483,-0.011423629708588123,0.006877347361296415
1788957790641170400,6.92417041015625,0.0010226538870483637,-0.023568442091345787,0.05744997784495354
1788957790651219700,6.9342197265625,0.05950966477394104,-0.0763392448425293,0.16560707986354828
1788957790661269500,6.94426953125,0.09503863006830215,-0.07140281051397324,0.25157231092453003
1788957790671319600,6.954319580078125,0.11079176515340805,-0.029940854758024216,0.26503193378448486
1788957790681369600,6.96436962890625,0.12807461619377136,0.04364494979381561,0.22027750313282013
1788957790691418400,6.97441845703125,0.1480102390050888,0.1270570158958435,0.17834949493408203
1788957790701468400,6.984468505859375,0.15538878738880157,0.21906523406505585,0.1327601820230484
1788957790711518500,6.9945185546875,0.10359296947717667,0.35593149065971375,0.05019525811076164
1788957790721568500,7.004568603515625,0.008985239081084728,0.48061615228652954,-0.023844346404075623
1788957790731617500,7.014617431640625,-0.03778785839676857,0.5580363869667053,-0.019361447542905807
1788957790741667600,7.02466748046875,-0.04189684987068176,0.5909634232521057,0.05415564775466919
1788957790751717600,7.034717529296875,-0.0294343214482069,0.6788051128387451,0.07450778782367706
1788957790761767400,7.044767333984375,-0.057628143578767776,0.8013792634010315,0.0183438528329134
1788957790771816400,7.05481640625,-0.12077595293521881,0.8664916753768921,-0.03995833545923233
1788957790781866500,7.064866455078125,-0.1532851606607437,0.8447376489639282,-0.05934987589716911
1788957790791916500,7.07491650390625,-0.12466976046562195,0.7754786610603333,-0.030652716755867004
1788957790801966300,7.08496630859375,-0.049361955374479294,0.7338681221008301,-0.027038808912038803
1788957790812015600,7.095015625,0.02014761231839657,0.7489631772041321,-0.04981176555156708
1788957790822065700,7.105065673828125,0.03822088986635208,0.7181962132453918,-0.08489731699228287
1788957790832115500,7.115115478515625,0.05458494648337364,0.7412930130958557,-0.1456163227558136
1788957790842165500,7.12516552734375,0.06079277768731117,0.707715630531311,-0.21510058641433716
1788957790852214500,7.135214599609375,0.04583433270454407,0.6119398474693298,-0.2985749840736389
1788957790862264300,7.145264404296875,0.023690415546298027,0.563509464263916,-0.3670586943626404
1788957790872314400,7.155314453125,0.025606293231248856,0.7349216938018799,-0.4415326714515686
1788957790882364400,7.165364501953125,0.07656561583280563,0.728490948677063,-0.4579683542251587
1788957790892413400,7.175413330078125,0.17399176955223083,0.8257245421409607,-0.5539779663085938
1788957790902463500,7.18546337890625,0.2808481752872467,0.9108575582504272,-0.7129538059234619
1788957790912513500,7.195513427734375,0.2960023581981659,0.7098064422607422,-0.8650543689727783
1788957790922563600,7.2055634765625,0.23540879786014557,0.6533301472663879,-0.9509029388427734
1788957790932612400,7.2156123046875,-0.0982874184846878,0.6840491890907288,-0.9465950131416321
1788957790942662400,7.225662353515625,-0.5940186381340027,0.6935768723487854,-0.8210245966911316
1788957790952712400,7.23571240234375,-0.9851445555686951,0.7082929611206055,-0.6857655644416809
1788957790962762500,7.245762451171875,-1.2886232137680054,0.6071120500564575,-0.5214077830314636
1788957790972811500,7.2558115234375,-1.5727475881576538,0.8911315202713013,-0.36895325779914856
1788957790982861600,7.265861572265625,-1.600298523902893,0.9619337916374207,-0.34947624802589417
1788957790992911600,7.27591162109375,-1.2629019021987915,1.000169038772583,-0.35681378841400146
1788957791002961400,7.28596142578125,-1.0523697137832642,1.0227257013320923,-0.18323692679405212
1788957791013010400,7.296010498046875,-0.754878580570221,0.7101180553436279,-0.5153639912605286
1788957791023060500,7.306060546875,-0.39780277013778687,0.9881717562675476,-1.0024665594100952
1788957791033110300,7.3161103515625,-0.3237764835357666,1.014831304550171,-1.1928229331970215
1788957791043160300,7.326160400390625,-0.33467626571655273,1.0955637693405151,-1.2246969938278198
1788957791053209600,7.336209716796875,-0.2131064087152481,1.0761479139328003,-1.1057761907577515
1788957791063259600,7.346259765625,-0.3569171130657196,0.9597766399383545,-1.0464966297149658
1788957791073309400,7.356309326171875,-0.46668195724487305,0.8550446033477783,-1.0518064498901367
1788957791083359500,7.366359375,-0.5106395483016968,0.7981626987457275,-1.083985686302185
1788957791093408500,7.376408447265625,-0.616425633430481,0.6961836218833923,-1.1125725507736206
1788957791103458300,7.386458251953125,-0.9368801116943359,0.3636666238307953,-1.0501084327697754
1788957791113508400,7.39650830078125,-1.3429701328277588,0.3227386474609375,-0.980068027973175
1788957791123558400,7.406558349609375,-1.5517691373825073,0.2796734571456909,-0.9372715950012207
1788957791133607400,7.416607421875,-1.6591336727142334,0.29237860441207886,-0.8208341598510742
1788957791143657500,7.426657470703125,-2.367588996887207,0.3788125514984131,-0.557917594909668
1788957791153707500,7.43670751953125,-3.339168071746826,1.0475983619689941,-0.20319120585918427
1788957791163757600,7.446757568359375,-3.7373275756835938,0.6478528380393982,0.3862225413322449
1788957791173806300,7.456806396484375,-3.924917221069336,0.0875474289059639,1.0555540323257446
1788957791183856400,7.4668564453125,-3.9464406967163086,-0.051778241991996765,1.8630398511886597
1788957791193906400,7.476906494140625,-3.9745140075683594,-0.2642870545387268,2.487887144088745
1788957791203956500,7.48695654296875,-4.135845184326172,-0.5704246163368225,3.063810110092163
1788957791214005500,7.497005615234375,-4.475903511047363,-0.8414856791496277,3.617922782897949
1788957791224055600,7.5070556640625,-4.7982306480407715,-1.062707781791687,3.952146053314209
1788957791234105600,7.517105712890625,-5.0213303565979,-0.9612647891044617,4.123526573181152
1788957791244155400,7.5271552734375,-4.9143524169921875,-0.787063717842102,4.2709832191467285
1788957791254204400,7.537204345703125,-4.4767279624938965,-1.042893886566162,4.404639720916748
1788957791264254500,7.54725439453125,-3.7891743183135986,-1.5137889385223389,4.482048988342285
1788957791274304500,7.557304443359375,-2.777768850326538,-2.3170502185821533,3.0997908115386963
1788957791284354600,7.5673544921875,-2.09521484375,-2.168245315551758,1.9172775745391846
1788957791294403600,7.577403564453125,-1.8202348947525024,-2.187807321548462,0.8545191884040833
1788957791304453600,7.58745361328125,-1.7468986511230469,-2.541985034942627,-0.01287318766117096
1788957791314503400,7.59750341796875,-1.6092699766159058,-2.724106788635254,-0.6849442720413208
1788957791324553500,7.607553466796875,-1.7063679695129395,-2.420853853225708,-0.9843837022781372
1788957791334602500,7.6176025390625,-1.7529122829437256,-2.4894118309020996,-0.9150334000587463
1788957791344652300,7.62765234375,-1.859358549118042,-2.6875574588775635,-0.6915755271911621
1788957791354702600,7.63770263671875,-2.163877487182617,-3.047908067703247,-0.3553735315799713
1788957791364752600,7.647752685546875,-2.555781602859497,-3.7250912189483643,-0.05880073085427284
1788957791374801400,7.657801513671875,-2.847745656967163,-4.41506290435791,0.3031598627567291
1788957791384851500,7.6678515625,-3.14517879486084,-4.755494117736816,1.1155763864517212
1788957791394901500,7.677901611328125,-3.1988744735717773,-5.675222396850586,1.9305862188339233
1788957791404951600,7.68795166015625,-3.0402586460113525,-6.188649654388428,2.572793960571289
1788957791415000300,7.698000244140625,-2.7387516498565674,-5.873375415802002,3.181715965270996
1788957791425050600,7.708050537109375,-2.308332681655884,-4.97526216506958,3.7261252403259277
1788957791435100700,7.7181005859375,-1.822587490081787,-3.4915812015533447,4.171761989593506
1788957791445150500,7.728150390625,-1.1777817010879517,-0.9718567132949829,4.140339374542236
1788957791455199500,7.738199462890625,0.08347705006599426,3.662917137145996,2.0439958572387695
1788957791465249500,7.74824951171875,1.054504156112671,4.6193647384643555,0.8005403876304626
1788957791475299600,7.758299560546875,1.0448713302612305,2.7450156211853027,1.0150105953216553
1788957791485349400,7.768349365234375,0.508601725101471,1.2264524698257446,0.8727498650550842
1788957791495398400,7.7783984375,0.23843760788440704,0.5408366322517395,-0.0425272211432457
1788957791505448700,7.78844873046875,0.5634554028511047,-0.45796382427215576,-0.878304660320282
1788957791515498500,7.79849853515625,0.9255544543266296,-1.6222089529037476,-1.2944811582565308
1788957791525548500,7.808548583984375,0.9389206171035767,-2.135687828063965,-1.4648709297180176
1788957791535597600,7.81859765625,0.895186185836792,-2.2240021228790283,-1.3811312913894653
1788957791545647400,7.8286474609375,1.0877013206481934,-1.7859272956848145,-1.1026397943496704
1788957791555697400,7.838697509765625,1.3970681428909302,-1.545236587524414,-0.7147490382194519
1788957791565747500,7.84874755859375,1.5653961896896362,-1.2855994701385498,-0.2297319918870926
1788957791575796500,7.85879638671875,1.6076706647872925,-1.143248200416565,0.15643328428268433
1788957791585846500,7.868846435546875,1.5667235851287842,-1.136747121810913,0.1468549519777298
1788957791595896800,7.878896728515625,1.4726580381393433,-1.2707563638687134,0.08957915008068085
1788957791605945600,7.888945556640625,1.3454692363739014,-1.773733139038086,0.05438441038131714
1788957791615995600,7.89899560546875,1.2218776941299438,-2.1036322116851807,-0.15545164048671722
1788957791626045700,7.909045654296875,0.9337274432182312,-2.34320068359375,-0.4303271472454071
1788957791636095700,7.919095703125,0.5496066808700562,-2.3596255779266357,-0.5924023389816284
1788957791646144500,7.92914453125,0.13002058863639832,-2.1299567222595215,-0.5521073937416077
1788957791656194600,7.939194580078125,-0.27352476119995117,-1.810706377029419,-0.338807612657547
1788957791666244900,7.949244873046875,-0.5614033937454224,-1.3635292053222656,-0.05307147279381752
1788957791676295000,7.959294921875,-0.7633184194564819,-0.9569323658943176,0.25649622082710266
1788957791686343700,7.96934375,-1.0220588445663452,-0.6770780682563782,0.38488590717315674
1788957791696393700,7.979393798828125,-1.1393170356750488,-0.581380307674408,0.3918828070163727
1788957791706443800,7.98944384765625,-1.1092201471328735,-0.5026958584785461,0.25236061215400696
1788957791716493600,7.99949365234375,-1.0045379400253296,-0.014610634185373783,-0.43818774819374084
1788957791726542600,8.00954248046875,-0.9962531328201294,0.08209007233381271,-1.221031665802002
1788957791736593000,8.019593017578124,-0.8401468992233276,0.0705559253692627,-2.171604871749878
1788957791746642700,8.029642578125,-0.4797721803188324,0.030074279755353928,-3.0915939807891846
1788957791756692700,8.039692626953125,-0.09284339100122452,-0.14888375997543335,-3.849224805831909
1788957791766741800,8.04974169921875,0.33523231744766235,-0.5005232691764832,-4.075067520141602
1788957791776791800,8.059791748046875,0.794695258140564,-0.7617080211639404,-3.843939781188965
1788957791786841600,8.069841552734376,1.1177513599395752,-0.6384806036949158,-3.5875895023345947
1788957791796891600,8.0798916015625,1.2822494506835938,-0.639133632183075,-3.326631546020508
1788957791806940700,8.089940673828124,1.298750638961792,-0.7400897741317749,-3.194979190826416
1788957791816990700,8.09999072265625,1.0945264101028442,-0.6484647989273071,-3.1940414905548096
1788957791827040800,8.110040771484375,0.7541741728782654,-0.41693010926246643,-3.262747049331665
1788957791837090800,8.1200908203125,0.3700134754180908,-0.12156344950199127,-3.3786633014678955
1788957791847139600,8.1301396484375,0.011952533386647701,0.18886180222034454,-3.4812095165252686
1788957791857189600,8.140189697265624,-0.18614670634269714,0.5637627243995667,-3.5230836868286133
1788957791867239700,8.15023974609375,-0.016172578558325768,1.0797301530838013,-3.453712224960327
1788957791877289700,8.160289794921875,0.5298923254013062,1.5286145210266113,-3.222116708755493
1788957791887338800,8.1703388671875,1.1955550909042358,1.6962698698043823,-2.855501174926758
1788957791897388800,8.180388916015625,1.889732003211975,1.606648325920105,-2.4406449794769287
1788957791907438800,8.19043896484375,2.561417818069458,1.432700753211975,-2.042670965194702
1788957791917489000,8.200489013671875,3.0259995460510254,1.3305693864822388,-1.6356264352798462
1788957791927537700,8.21053759765625,3.230166435241699,1.1375192403793335,-1.2228130102157593
1788957791937587700,8.220587646484375,3.14789080619812,0.8619261980056763,-0.7754760384559631
1788957791947637800,8.2306376953125,2.812713861465454,0.46710407733917236,-0.3063546121120453
1788957791957687600,8.2406875,2.2889294624328613,0.09715637564659119,0.17950718104839325
1788957791967736800,8.25073681640625,1.7067288160324097,-0.22513724863529205,0.6466988921165466
1788957791977787000,8.260786865234374,1.279298186302185,-0.5621256828308105,1.025702953338623
1788957791987836700,8.270836669921875,1.2073664665222168,-1.0582221746444702,1.2128474712371826
1788957791997885700,8.2808857421875,1.3750656843185425,-1.7096415758132935,1.261293888092041
1788957792007935700,8.290935791015626,1.562502145767212,-2.889704942703247,1.202364206314087
1788957792017985500,8.300985595703125,1.7218843698501587,-3.974297285079956,1.021456241607666
1788957792028035600,8.31103564453125,1.7927275896072388,-4.582637786865234,0.7235236167907715
1788957792038084900,8.3210849609375,1.9523910284042358,-3.713951826095581,-0.1700335144996643
1788957792048135000,8.331135009765624,1.9925930500030518,-1.765418529510498,-1.0421979427337646
1788957792058184700,8.341184814453126,1.9510643482208252,-1.084314227104187,-1.0222243070602417
1788957792068234800,8.35123486328125,2.0326435565948486,-1.4188251495361328,-0.6787071228027344
1788957792078283800,8.36128369140625,2.215325117111206,-1.6727790832519531,-0.406575471162796
1788957792088333600,8.37133349609375,2.4734866619110107,-1.5047296285629272,-0.37760987877845764
1788957792098383600,8.381383544921874,2.5981664657592773,-1.2249398231506348,-0.504487931728363
1788957792108433700,8.39143359375,2.5326499938964844,-1.1140642166137695,-0.7890943288803101
1788957792118482700,8.401482666015625,2.2557897567749023,-1.1276702880859375,-1.1923922300338745
1788957792128532700,8.41153271484375,1.8534700870513916,-1.3169736862182617,-1.5923125743865967
1788957792138582800,8.421582763671875,1.5185033082962036,-1.7717664241790771,-1.9825892448425293
1788957792148632800,8.4316328125,1.2281787395477295,-2.367690086364746,-2.472310781478882
1788957792158681600,8.441681640625,0.8335773944854736,-3.0045111179351807,-2.793748378753662
1788957792168731600,8.451731689453124,0.44360700249671936,-3.6625633239746094,-2.8715596199035645
1788957792178781700,8.46178173828125,0.11601794511079788,-4.110264778137207,-2.822567939758301
1788957792188831700,8.471831787109375,-0.11270391196012497,-4.254376411437988,-2.671186923980713
1788957792198880800,8.481880859375,-0.1896841824054718,-4.077585220336914,-2.2778122425079346
1788957792208930800,8.491930908203125,-0.10902848094701767,-3.6208109855651855,-1.678142786026001
1788957792218980900,8.50198095703125,0.025531193241477013,-2.750413656234741,-0.9392990469932556
1788957792229030700,8.51203076171875,0.10293223708868027,-1.6043108701705933,-0.17610977590084076
1788957792239079700,8.52207958984375,0.14518195390701294,-0.5651821494102478,0.4013732671737671
1788957792249129700,8.532129638671876,0.13865961134433746,0.13179931044578552,0.6654115915298462
1788957792259179500,8.542179443359375,0.0034469293896108866,0.45163270831108093,0.6845200061798096
1788957792269229600,8.5522294921875,-0.24636264145374298,0.4910256564617157,0.5737993717193604
1788957792279278800,8.56227880859375,-0.5254321098327637,0.23161005973815918,0.4358566701412201
1788957792289329000,8.572328857421875,-0.7531208992004395,-0.2999512851238251,0.2914179861545563
1788957792299378700,8.582378662109376,-0.9092239737510681,-0.7857590317726135,0.14599129557609558
1788957792309427700,8.592427734375,-0.9756280183792114,-1.0941623449325562,0.035652004182338715
1788957792319477800,8.602477783203126,-0.9610285758972168,-1.2223613262176514,0.019960924983024597
1788957792329527600,8.612527587890625,-0.8295736312866211,-1.1745165586471558,0.1267198622226715
1788957792339577600,8.62257763671875,-0.559191107749939,-0.9648728370666504,0.31903737783432007
1788957792349627000,8.632626953125,-0.26384788751602173,-0.6274614930152893,0.5558747053146362
1788957792359676700,8.6426767578125,-0.07075060158967972,-0.3208256959915161,0.8188328146934509
1788957792369726700,8.652726806640626,-0.04421646147966385,-0.14586639404296875,1.004956603050232
1788957792379776800,8.66277685546875,-0.16876770555973053,-0.09656089544296265,1.1176456212997437
1788957792389825500,8.672825439453124,-0.40796351432800293,-0.19919192790985107,1.1851434707641602
1788957792399875600,8.68287548828125,-0.6510099768638611,-0.31731751561164856,1.1785340309143066
1788957792409925600,8.692925537109375,-0.7794289588928223,-0.42470815777778625,1.2703416347503662
1788957792419975700,8.7029755859375,-0.8499600887298584,-0.2536064386367798,1.0477328300476074
1788957792430024700,8.713024658203125,-0.9599071145057678,-0.0591093935072422,0.6958938241004944
1788957792440074800,8.72307470703125,-0.996885359287262,0.05223444104194641,0.3875703513622284
1788957792450124800,8.733124755859375,-0.9511998891830444,0.07946233451366425,0.16531358659267426
1788957792460174800,8.7431748046875,-0.8876457214355469,0.07539728283882141,0.024869397282600403
1788957792470223600,8.7532236328125,-0.7892498970031738,0.037331126630306244,-0.015905994921922684
1788957792480273700,8.763273681640625,-0.6611883044242859,0.06622642278671265,-0.007934356108307838
1788957792490323700,8.77332373046875,-0.4770587086677551,0.18269950151443481,0.12567031383514404
